"Sample_Number","k__Viruses.f__Phycodnaviridae.g__Prasinovirus","k__Viruses.o__Caudovirales.f__Siphoviridae.g__Sfi1unalikevirus","k__Viruses.o__Herpesvirales.f__Herpesviridae.g__Simplexvirus","k__Viruses.o__Caudovirales.f__Siphoviridae.g__C2likevirus","k__Viruses.f__Poxviridae.g__Parapoxvirus","k__Viruses.f__Papillomaviridae.g__Dyolambdapapillomavirus","k__Viruses.o__Caudovirales.f__Siphoviridae.g__Bignuzlikevirus","k__Viruses.o__Mononegavirales.f__Bornaviridae.g__Bornavirus","k__Viruses.f__Bicaudaviridae.g__Bicaudavirus","k__Viruses.o__Picornavirales.f__Picornaviridae.g__Aquamavirus","k__Viruses.o__Herpesvirales.f__Herpesviridae.g__Scutavirus","k__Viruses.o__Herpesvirales.f__Herpesviridae.g__Mardivirus","k__Viruses.f__Baculoviridae.g__Deltabaculovirus","k__Viruses.f__Papillomaviridae.g__Taupapillomavirus","k__Viruses.o__Caudovirales.f__Myoviridae.g__I3likevirus","k__Viruses.f__Virgaviridae.g__Furovirus","k__Viruses.o__Herpesvirales.f__Herpesviridae.g__Proboscivirus","k__Viruses.o__Herpesvirales.f__Alloherpesviridae.g__Ictalurivirus","k__Viruses.f__Inoviridae.g__Inovirus","k__Viruses.f__Marseilleviridae.g__Marseillevirus","k__Viruses.o__Nidovirales.f__Coronaviridae.g__Gammacoronavirus","k__Viruses.f__Anelloviridae.g__Thetatorquevirus","k__Viruses.f__Ascoviridae.g__Ascovirus","k__Viruses.o__Tymovirales.f__Tymoviridae.g__Maculavirus","k__Viruses.g__Negevirus","k__Viruses.o__Caudovirales.f__Myoviridae.g__Spo1virus","k__Viruses.f__Circoviridae.g__Gyrovirus","k__Viruses.o__Mononegavirales.f__Rhabdoviridae.g__Novirhabdovirus","k__Viruses.o__Picornavirales.f__Picornaviridae.g__Sicinivirus","k__Viruses.o__Mononegavirales.g__Pneumovirus","k__Viruses.o__Picornavirales.f__Picornaviridae.g__Dicipivirus","k__Viruses.f__Poxviridae.g__Molluscipoxvirus","k__Viruses.o__Tymovirales.f__Tymoviridae.g__Tymovirus","k__Viruses.f__Arenaviridae.g__Mammarenavirus","k__Viruses.f__Totiviridae.g__Victorivirus","k__Viruses.f__Flaviviridae.g__Hepacivirus","k__Viruses.f__Poxviridae.g__Alphaentomopoxvirus","k__Viruses.f__Anelloviridae.g__Gammatorquevirus","k__Viruses.o__Tymovirales.f__Gammaflexiviridae.g__Mycoflexivirus","k__Viruses.g__Tenuivirus","k__Viruses.f__Hepeviridae.g__Piscihepevirus","k__Viruses.f__Virgaviridae.g__Pomovirus","k__Viruses.f__Caulimoviridae.g__Badnavirus","k__Viruses.f__Polydnaviridae.g__Ichnovirus","k__Viruses.o__Herpesvirales.f__Herpesviridae.g__Percavirus","k__Viruses.f__Papillomaviridae.g__Betapapillomavirus","k__Viruses.f__Togaviridae.g__Alphavirus","k__Viruses.o__Tymovirales.f__Betaflexiviridae.g__Trichovirus","k__Viruses.o__Caudovirales.f__Podoviridae.g__Bcep22likevirus","k__Viruses.o__Tymovirales.f__Alphaflexiviridae.g__Sclerodarnavirus","k__Viruses.f__Phycodnaviridae.g__Coccolithovirus","k__Viruses.o__Ligamenvirales.f__Lipothrixviridae.g__Deltalipothrixvirus","k__Viruses.f__Papillomaviridae.g__Omikronpapillomavirus","k__Viruses.f__Retroviridae.g__Alpharetrovirus","k__Viruses.o__Caudovirales.f__Siphoviridae.g__Jerseylikevirus","k__Viruses.f__Poxviridae.g__Capripoxvirus","k__Viruses.f__Poxviridae.g__Cervidpoxvirus","k__Viruses.g__Higrevirus","k__Viruses.f__Potyviridae.g__Bymovirus","k__Viruses.o__Caudovirales.f__Podoviridae.g__Phikmvlikevirus","k__Viruses.o__Picornavirales.f__Picornaviridae.g__Tremovirus","k__Viruses.o__Picornavirales.f__Secoviridae.g__Torradovirus","k__Viruses.o__Caudovirales.f__Siphoviridae.g__T5likevirus","k__Viruses.o__Nidovirales.f__Coronaviridae.g__Bafinivirus","k__Viruses.f__Baculoviridae.g__Alphabaculovirus","k__Viruses.f__Papillomaviridae.g__Mupapillomavirus","k__Viruses.o__Caudovirales.f__Siphoviridae.g__Lambdalikevirus","k__Viruses.o__Caudovirales.f__Myoviridae.g__Felixounalikevirus","k__Viruses.f__Papillomaviridae.g__Phipapillomavirus","k__Viruses.f__Papillomaviridae.g__Omegapapillomavirus","k__Viruses.o__Nidovirales.f__Coronaviridae.g__Betacoronavirus","k__Viruses.f__Luteoviridae.g__Enamovirus","k__Viruses.f__Phycodnaviridae.g__Chlorovirus","k__Viruses.f__Hypoviridae.g__Hypovirus","k__Viruses.f__Anelloviridae.g__Alphatorquevirus","k__Viruses.o__Picornavirales.f__Dicistroviridae.g__Aparavirus","k__Viruses.g__Pithovirus","k__Viruses.f__Phycodnaviridae.g__Phaeovirus","k__Viruses.o__Picornavirales.f__Picornaviridae.g__Hepatovirus","k__Viruses.f__Virgaviridae.g__Tobamovirus","k__Viruses.o__Caudovirales.f__Siphoviridae.g__Barnyardlikevirus","k__Viruses.f__Baculoviridae.g__Betabaculovirus","k__Viruses.f__Arenaviridae.g__Arenavirus","k__Viruses.o__Picornavirales.f__Marnaviridae.g__Marnavirus","k__Viruses.o__Caudovirales.f__Myoviridae.g__P100virus","k__Viruses.o__Caudovirales.f__Myoviridae.g__Spounalikevirus","k__Viruses.f__Partitiviridae.g__Betapartitivirus","k__Viruses.f__Reoviridae.g__Cypovirus","k__Viruses.o__Tymovirales.f__Betaflexiviridae.g__Carlavirus","k__Viruses.o__Nidovirales.f__Coronaviridae.g__Alphacoronavirus","k__Viruses.o__Mononegavirales.f__Paramyxoviridae.g__Avulavirus","k__Viruses.o__Herpesvirales.f__Herpesviridae.g__Iltovirus","k__Viruses.f__Bromoviridae.g__Bromovirus","k__Viruses.f__Bunyaviridae.g__Phlebovirus","k__Viruses.f__Closteroviridae.g__Closterovirus","k__Viruses.o__Caudovirales.f__Myoviridae.g__Viunalikevirus","k__Viruses.o__Caudovirales.f__Siphoviridae.g__Phicbklikevirus","k__Viruses.f__Fuselloviridae.g__Alphafusellovirus","k__Viruses.f__Bunyaviridae.g__Orthobunyavirus","k__Viruses.o__Picornavirales.f__Picornaviridae.g__Sapelovirus","k__Viruses.f__Bunyaviridae.g__Tospovirus","k__Viruses.f__Mimiviridae.g__Cafeteriavirus","k__Viruses.f__Poxviridae.g__Suipoxvirus","k__Viruses.f__Potyviridae.g__Potyvirus","k__Viruses.o__Herpesvirales.f__Herpesviridae.g__Muromegalovirus","k__Viruses.o__Picornavirales.f__Picornaviridae.g__Salivirus","k__Viruses.o__Caudovirales.f__Podoviridae.g__N4likevirus","k__Viruses.f__Retroviridae.g__Lentivirus","k__Viruses.o__Picornavirales.f__Secoviridae.g__Fabavirus","k__Viruses.f__Polydnaviridae.g__Bracovirus","k__Viruses.o__Herpesvirales.f__Herpesviridae.g__Rhadinovirus","k__Viruses.f__Luteoviridae.g__Polerovirus","k__Viruses.f__Flaviviridae.g__Pestivirus","k__Viruses.f__Poxviridae.g__Betaentomopoxvirus","k__Viruses.f__Geminiviridae.g__Begomovirus","k__Viruses.o__Herpesvirales.f__Alloherpesviridae.g__Cyprinivirus","k__Viruses.o__Mononegavirales.f__Nyamiviridae.g__Nyavirus","k__Viruses.f__Potyviridae.g__Rymovirus","k__Viruses.f__Retroviridae.g__Betaretrovirus","k__Viruses.f__Microviridae.g__Microvirus","k__Viruses.o__Caudovirales.f__Siphoviridae.g__Andromedalikevirus","k__Viruses.f__Iridoviridae.g__Chloriridovirus","k__Viruses.o__Picornavirales.f__Picornaviridae.g__Aphthovirus","k__Viruses.f__Iridoviridae.g__Lymphocystivirus","k__Viruses.o__Tymovirales.f__Alphaflexiviridae.g__Lolavirus","k__Viruses.o__Caudovirales.f__Myoviridae.g__Silviavirus","k__Viruses.f__Caliciviridae.g__Vesivirus","k__Viruses.f__Poxviridae.g__Avipoxvirus","k__Viruses.g__Cilevirus","k__Viruses.o__Mononegavirales.f__Paramyxoviridae.g__Rubulavirus","k__Viruses.f__Chrysoviridae.g__Chrysovirus","k__Viruses.o__Caudovirales.f__Myoviridae.g__Twortlikevirus","k__Viruses.g__Emaravirus","k__Viruses.f__Astroviridae.g__Avastrovirus","k__Viruses.o__Picornavirales.f__Secoviridae.g__Cheravirus","k__Viruses.o__Ligamenvirales.f__Rudiviridae.g__Rudivirus","k__Viruses.o__Herpesvirales.f__Herpesviridae.g__Varicellovirus","k__Viruses.f__Polyomaviridae.g__Polyomavirus","k__Viruses.o__Herpesvirales.f__Alloherpesviridae.g__Batrachovirus","k__Viruses.o__Picornavirales.f__Picornaviridae.g__Enterovirus","k__Viruses.o__Picornavirales.f__Secoviridae.g__Waikavirus","k__Viruses.o__Caudovirales.f__Myoviridae.g__T4likevirus","k__Viruses.f__Poxviridae.g__Yatapoxvirus","k__Viruses.f__Adenoviridae.g__Mastadenovirus","k__Viruses.o__Herpesvirales.f__Herpesviridae.g__Cytomegalovirus","k__Viruses.o__Picornavirales.f__Picornaviridae.g__Kobuvirus","k__Viruses.o__Caudovirales.f__Podoviridae.g__T7likevirus","k__Viruses.o__Herpesvirales.f__Herpesviridae.g__Roseolovirus","k__Viruses.f__Adenoviridae.g__Aviadenovirus","k__Viruses.o__Ligamenvirales.f__Lipothrixviridae.g__Betalipothrixvirus","k__Viruses.f__Iridoviridae.g__Ranavirus","k__Viruses.f__Closteroviridae.g__Ampelovirus","k__Viruses.o__Caudovirales.f__Siphoviridae.g__Phietalikevirus","k__Viruses.o__Caudovirales.f__Siphoviridae.g__Pgonelikevirus","k__Viruses.f__Orthomyxoviridae.g__Isavirus","k__Viruses.f__Poxviridae.g__Orthopoxvirus","k__Viruses.f__Papillomaviridae.g__Gammapapillomavirus","k__Viruses.f__Phycodnaviridae.g__Prymnesiovirus","k__Viruses.f__Bunyaviridae.g__Hantavirus","k__Viruses.o__Picornavirales.f__Picornaviridae.g__Senecavirus","k__Viruses.o__Caudovirales.f__Siphoviridae.g__L5likevirus","k__Viruses.o__Picornavirales.f__Dicistroviridae.g__Cripavirus","k__Viruses.o__Caudovirales.f__Siphoviridae.g__Tunalikevirus","k__Viruses.f__Hytrosaviridae.g__Muscavirus","k__Viruses.o__Herpesvirales.f__Herpesviridae.g__Macavirus","k__Viruses.f__Bromoviridae.g__Oleavirus","k__Viruses.f__Closteroviridae.g__Crinivirus","k__Viruses.f__Papillomaviridae.g__Lambdapapillomavirus","k__Viruses.f__Papillomaviridae.g__Alphapapillomavirus","k__Viruses.f__Partitiviridae.g__Alphapartitivirus","k__Viruses.f__Mimiviridae.g__Mimivirus","k__Viruses.o__Herpesvirales.f__Malacoherpesviridae.g__Ostreavirus","k__Viruses.o__Mononegavirales.g__Metapneumovirus","k__Viruses.o__Tymovirales.f__Alphaflexiviridae.g__Potexvirus","k__Viruses.o__Caudovirales.f__Siphoviridae.g__Sfi21dtunalikevirus","k__Viruses.f__Retroviridae.g__Gammaretrovirus","k__Viruses.f__Circoviridae.g__Circovirus","k__Viruses.o__Tymovirales.f__Betaflexiviridae.g__Foveavirus","k__Viruses.o__Picornavirales.f__Secoviridae.g__Nepovirus","k__Viruses.o__Picornavirales.f__Iflaviridae.g__Iflavirus","k__Viruses.f__Iridoviridae.g__Iridovirus","k__Viruses.f__Flaviviridae.g__Flavivirus","k__Viruses.f__Astroviridae.g__Mamastrovirus","k__Viruses.f__Virgaviridae.g__Pecluvirus","k__Viruses.o__Nidovirales.f__Roniviridae.g__Okavirus","k__Viruses.g__Bacilladnavirus","k__Viruses.f__Bromoviridae.g__Cucumovirus","k__Viruses.o__Herpesvirales.f__Herpesviridae.g__Lymphocryptovirus","k__Viruses.f__Nimaviridae.g__Whispovirus","k__Viruses.f__Hytrosaviridae.g__Glossinavirus","k__Viruses.f__Virgaviridae.g__Hordeivirus","k__Viruses.o__Caudovirales.f__Siphoviridae.g__Skunalikevirus","k__Viruses.o__Caudovirales.f__Myoviridae.g__Cp220likevirus","k__Viruses.o__Tymovirales.f__Tymoviridae.g__Marafivirus","k__Viruses.o__Caudovirales.f__Myoviridae.g__Phikzlikevirus","k__Viruses.o__Caudovirales.f__Myoviridae.g__Cp8unalikevirus","k__Viruses.o__Caudovirales.f__Myoviridae.g__PhiCD119likevirus","k__Viruses.f__Papillomaviridae.g__Pipapillomavirus","k__Viruses.o__Picornavirales.f__Picornaviridae.g__Megrivirus","k__Viruses.o__Caudovirales.f__Myoviridae.g__Kayvirus","k__Viruses.o__Caudovirales.f__Siphoviridae.g__C5likevirus","k__Viruses.f__Endornaviridae.g__Endornavirus","k__Viruses.f__Reoviridae.g__Orbivirus","k__Viruses.f__Adenoviridae.g__Atadenovirus","k__Viruses.f__Orthomyxoviridae.g__Influenzavirus_C","k__Viruses.o__Tymovirales.f__Alphaflexiviridae.g__Botrexvirus","k__Viruses.f__Poxviridae.g__Leporipoxvirus","k__Viruses.o__Caudovirales.f__Podoviridae.g__Phi29likevirus","k__Viruses.f__Parvoviridae.g__Erythroparvovirus","k__Viruses.o__Caudovirales.f__Myoviridae.g__Schizot4likevirus","k__Viruses.f__Baculoviridae.g__Gammabaculovirus","k__Viruses.o__Caudovirales.f__Siphoviridae.g__Yualikevirus","k__Viruses.o__Picornavirales.f__Picornaviridae.g__Cosavirus","k__Viruses.f__Ampullaviridae.g__Ampullavirus","k__Viruses.f__Tectiviridae.g__Tectivirus","k__Viruses.f__Caulimoviridae.g__Cavemovirus","k__Viruses.f__Anelloviridae.g__Epsilontorquevirus","k__Viruses.f__Papillomaviridae.g__Deltapapillomavirus","k__Viruses.f__Parvoviridae.g__Iteradensovirus","k__Viruses.o__Mononegavirales.f__Rhabdoviridae.g__Ephemerovirus","k__Viruses.f__Poxviridae.g__Crocodylidpoxvirus","k__Viruses.f__Anelloviridae.g__Betatorquevirus","k__Viruses.f__Turriviridae.g__Alphaturrivirus","k__Viruses.f__Caulimoviridae.g__Caulimovirus","k__Viruses.o__Caudovirales.f__Siphoviridae.g__P23likevirus","k__Viruses.o__Caudovirales.f__Myoviridae.g__Pbunalikevirus","k__Viruses.f__Globuloviridae.g__Globulovirus","k__Viruses.f__Reoviridae.g__Fijivirus","k__Viruses.f__Reoviridae.g__Phytoreovirus","k__Viruses.f__Benyviridae.g__Benyvirus","k__Viruses.f__Parvoviridae.g__Protoparvovirus","k__Viruses.f__Asfarviridae.g__Asfivirus","k__Viruses.f__Luteoviridae.g__Luteovirus","k__Viruses.o__Mononegavirales.f__Paramyxoviridae.g__Respirovirus","k__Viruses.o__Mononegavirales.f__Filoviridae.g__Marburgvirus","k__Viruses.f__Fuselloviridae.g__Betafusellovirus","k__Viruses.o__Picornavirales.f__Picornaviridae.g__Pasivirus","k__Viruses.f__Bromoviridae.g__Alfamovirus","k__Viruses.o__Caudovirales.f__Podoviridae.g__Sp6likevirus","k__Viruses.o__Nidovirales.f__Coronaviridae.g__Deltacoronavirus","k__Viruses.f__Inoviridae.g__Plectrovirus","k__Viruses.o__Picornavirales.f__Secoviridae.g__Sadwavirus","k__Viruses.o__Mononegavirales.f__Paramyxoviridae.g__Morbillivirus","k__Viruses.o__Mononegavirales.g__Orthopneumovirus","k__Viruses.o__Caudovirales.f__Siphoviridae.g__3alikevirus","k__Viruses.o__Tymovirales.f__Alphaflexiviridae.g__Mandarivirus","k__Viruses.f__Togaviridae.g__Rubivirus","k__Viruses.o__Tymovirales.f__Betaflexiviridae.g__Vitivirus","k__Viruses.o__Caudovirales.f__Siphoviridae.g__Xp10likevirus","k__Viruses.f__Sphaerolipoviridae.g__Alphasphaerolipovirus","k__Viruses.o__Caudovirales.f__Myoviridae.g__Hpunalikevirus","k__Viruses.f__Parvoviridae.g__Brevidensovirus","k__Viruses.f__Papillomaviridae.g__Dyoetapapillomavirus","k__Viruses.o__Caudovirales.f__Siphoviridae.g__Sap6likevirus","k__Viruses.o__Caudovirales.f__Siphoviridae.g__Che9clikevirus","k__Viruses.f__Caulimoviridae.g__Rosadnavirus","k__Viruses.f__Caulimoviridae.g__Solendovirus","k__Viruses.f__Sphaerolipoviridae.g__Gammasphaerolipovirus","k__Viruses.o__Caudovirales.f__Siphoviridae.g__Phijlunalikevirus","k__Viruses.o__Caudovirales.f__Myoviridae.g__P2likevirus","k__Viruses.f__Flaviviridae.g__Pegivirus","k__Viruses.f__Adenoviridae.g__Siadenovirus","k__Viruses.f__Parvoviridae.g__Copiparvovirus","k__Viruses.f__Anelloviridae.g__Iotatorquevirus","k__Viruses.o__Caudovirales.f__Myoviridae.g__Hapunalikevirus","k__Viruses.o__Caudovirales.f__Siphoviridae.g__N15likevirus","k__Viruses.f__Retroviridae.g__Epsilonretrovirus","k__Viruses.o__Mononegavirales.f__Paramyxoviridae.g__Henipavirus","k__Viruses.f__Reoviridae.g__Rotavirus","k__Viruses.o__Ligamenvirales.f__Lipothrixviridae.g__Gammalipothrixvirus","k__Viruses.f__Reoviridae.g__Mimoreovirus","k__Viruses.o__Mononegavirales.f__Rhabdoviridae.g__Vesiculovirus","k__Viruses.o__Mononegavirales.f__Rhabdoviridae.g__Lyssavirus","k__Viruses.f__Hepadnaviridae.g__Orthohepadnavirus","k__Viruses.f__Parvoviridae.g__Dependoparvovirus","k__Viruses.o__Tymovirales.f__Alphaflexiviridae.g__Allexivirus","k__Viruses.o__Picornavirales.f__Picornaviridae.g__Parechovirus","k__Viruses.o__Nidovirales.f__Mesoniviridae.g__Alphamesonivirus","k__Viruses.o__Caudovirales.f__Siphoviridae.g__Corndoglikevirus","k__Viruses.f__Tombusviridae.g__Carmovirus","k__Viruses.f__Parvoviridae.g__Ambidensovirus","k__Viruses.g__Sobemovirus","k__Viruses.o__Picornavirales.f__Secoviridae.g__Comovirus","k__Viruses.o__Mononegavirales.f__Filoviridae.g__Ebolavirus","k__Viruses.f__Geminiviridae.g__Mastrevirus","k__Viruses.g__Polemovirus","k__Viruses.o__Picornavirales.f__Picornaviridae.g__Passerivirus","k__Viruses.f__Leviviridae.g__Levivirus","k__Viruses.o__Picornavirales.f__Picornaviridae.g__Rosavirus","k__Viruses.f__Retroviridae.g__Deltaretrovirus","k__Viruses.o__Mononegavirales.f__Paramyxoviridae.g__Aquaparamyxovirus","k__Viruses.f__Parvoviridae.g__Hepandensovirus","k__Viruses.o__Caudovirales.f__Podoviridae.g__Phieco32likevirus","k__Viruses.f__Reoviridae.g__Aquareovirus","k__Viruses.f__Bromoviridae.g__Ilarvirus","k__Viruses.f__Nanoviridae.g__Nanovirus","k__Viruses.f__Totiviridae.g__Trichomonasvirus","k__Viruses.f__Nanoviridae.g__Babuvirus","k__Viruses.f__Papillomaviridae.g__Dyoomikronpapillomavirus","k__Viruses.f__Caulimoviridae.g__Soymovirus","k__Viruses.f__Tombusviridae.g__Tombusvirus","k__Viruses.f__Totiviridae.g__Leishmaniavirus","k__Viruses.o__Caudovirales.f__Siphoviridae.g__Phic3unalikevirus","k__Viruses.f__Parvoviridae.g__Bocaparvovirus","k__Viruses.o__Caudovirales.f__Siphoviridae.g__Hk578likevirus","k__Viruses.o__Caudovirales.f__Siphoviridae.g__Tm4likevirus","k__Viruses.o__Caudovirales.f__Siphoviridae.g__Che8likevirus","k__Viruses.f__Tombusviridae.g__Panicovirus","k__Viruses.f__Papillomaviridae.g__Nupapillomavirus","k__Viruses.f__Orthomyxoviridae.g__Influenzavirus_A","k__Viruses.o__Caudovirales.f__Podoviridae.g__Ahjdlikevirus","k__Viruses.o__Caudovirales.f__Podoviridae.g__Luz24likevirus","k__Viruses.f__Anelloviridae.g__Zetatorquevirus","k__Viruses.f__Barnaviridae.g__Barnavirus","k__Viruses.f__Parvoviridae.g__Tetraparvovirus","k__Viruses.f__Narnaviridae.g__Mitovirus","k__Viruses.o__Caudovirales.f__Siphoviridae.g__Charlielikevirus","k__Viruses.o__Nidovirales.f__Arteriviridae.g__Arterivirus","k__Viruses.o__Mononegavirales.f__Rhabdoviridae.g__Perhabdovirus","k__Viruses.f__Potyviridae.g__Ipomovirus","k__Viruses.f__Geminiviridae.g__Curtovirus","k__Viruses.o__Picornavirales.f__Picornaviridae.g__Gallivirus","k__Viruses.o__Caudovirales.f__Siphoviridae.g__Iebhlikevirus","k__Viruses.o__Caudovirales.f__Myoviridae.g__Mulikevirus","k__Viruses.o__Picornavirales.g__Bacillarnavirus","k__Viruses.f__Megabirnaviridae.g__Megabirnavirus","k__Viruses.f__Corticoviridae.g__Corticovirus","k__Viruses.f__Bunyaviridae.g__Nairovirus","k__Viruses.f__Caulimoviridae.g__Tungrovirus","k__Viruses.f__Retroviridae.g__Spumavirus","k__Viruses.f__Reoviridae.g__Mycoreovirus","k__Viruses.o__Caudovirales.f__Myoviridae.g__Bcep78likevirus","k__Viruses.g__Idaeovirus","k__Viruses.f__Narnaviridae.g__Narnavirus","k__Viruses.f__Reoviridae.g__Coltivirus","k__Viruses.f__Totiviridae.g__Totivirus","k__Viruses.o__Caudovirales.f__Siphoviridae.g__Chilikevirus","k__Viruses.f__Potyviridae.g__Tritimovirus","k__Viruses.f__Papillomaviridae.g__Kappapapillomavirus","k__Viruses.f__Reoviridae.g__Dinovernavirus","k__Viruses.f__Anelloviridae.g__Kappatorquevirus","k__Viruses.f__Potyviridae.g__Poacevirus","k__Viruses.f__Iridoviridae.g__Megalocytivirus","k__Viruses.o__Mononegavirales.f__Rhabdoviridae.g__Nucleorhabdovirus","k__Viruses.o__Mononegavirales.f__Rhabdoviridae.g__Tibrovirus","k__Viruses.f__Closteroviridae.g__Velarivirus","k__Viruses.f__Papillomaviridae.g__Rhopapillomavirus","k__Viruses.o__Tymovirales.f__Betaflexiviridae.g__Capillovirus","k__Viruses.g__Varicosavirus","k__Viruses.f__Hepadnaviridae.g__Avihepadnavirus","k__Viruses.o__Caudovirales.f__Siphoviridae.g__Bronlikevirus","k__Viruses.o__Caudovirales.f__Podoviridae.g__Bppunalikevirus","k__Viruses.o__Caudovirales.f__Siphoviridae.g__D3likevirus","k__Viruses.f__Caliciviridae.g__Norovirus","k__Viruses.f__Leviviridae.g__Allolevivirus","k__Viruses.f__Microviridae.g__Bdellomicrovirus","k__Viruses.o__Caudovirales.f__Siphoviridae.g__Omegalikevirus","k__Viruses.o__Picornavirales.f__Picornaviridae.g__Sakobuvirus","k__Viruses.f__Plasmaviridae.g__Plasmavirus","k__Viruses.o__Caudovirales.f__Siphoviridae.g__Pbiunalikevirus","k__Viruses.f__Microviridae.g__Spiromicrovirus","k__Viruses.f__Papillomaviridae.g__Dyopipapillomavirus","k__Viruses.o__Caudovirales.f__Siphoviridae.g__Cjwunalikevirus"
"s15629",0,0,60,0,0,0,0,0,0,0,0,4,0,0,0,16,42,8,0,0,2,0,0,0,0,40,0,0,2,0,12,12,8,0,0,18,0,2,0,0,2,0,0,116,6,0,32,0,0,2,14,0,0,0,0,0,0,4,0,0,0,0,0,0,32,0,0,0,0,0,0,0,4,4,0,0,0,2,0,18,0,18,0,0,0,0,46,0,138,0,0,0,8,0,0,0,0,0,0,2,22,0,0,6,2,10,0,0,0,90,0,0,0,4,0,50,0,0,0,0,0,0,0,0,0,0,0,2,0,0,10,0,16,10,0,0,0,22,0,0,10,0,0,0,6,2,4,20,0,0,2,0,0,0,2,6,0,10,0,4,0,2,0,2,4,0,2,2,0,42,2,0,0,0,0,0,28,0,12,4,6,34,12,0,0,0,0,0,2,2,4,0,0,0,0,0,0,0,0,0,0,0,0,0,0,0,0,0,0,0,0,0,0,0,0,0,0,0,0,0,0,0,0,0,0,0,0,0,0,0,0,0,0,0,0,0,0,0,0,0,0,0,0,0,0,0,0,0,0,0,0,0,0,0,0,0,0,0,0,0,0,0,0,0,0,0,0,0,0,0,0,0,0,0,0,0,0,0,0,0,0,0,0,0,0,0,0,0,0,0,0,0,0,0,0,0,0,0,0,0,0,0,0,0,0,0,0,0,0,0,0,0,0,0,0,0,0,0,0,0,0,0,0,0,0,0,0,0,0,0,0,0,0,0,0,0,0,0,0,0,0,0,0,0,0,0,0,0,0,0,0,0,0,0,0,0,0,0,0,0,0,0,0
"s15626",4,0,60,0,0,0,0,0,0,2,0,34,4,0,0,42,20,12,0,0,8,0,0,0,0,22,0,0,2,0,24,6,6,0,0,20,0,0,0,2,2,0,0,288,26,0,36,0,0,0,46,0,0,0,0,0,0,2,0,0,0,0,0,8,36,0,0,0,0,0,0,0,18,8,0,0,0,4,2,16,0,18,0,0,0,0,62,0,140,0,0,0,20,0,0,0,0,0,0,2,22,0,0,6,2,20,0,0,0,242,0,0,0,10,0,158,0,0,0,0,0,0,0,0,0,0,0,4,0,0,10,0,6,4,0,0,10,42,0,6,12,0,0,2,16,4,16,60,12,0,2,0,0,0,2,8,0,40,0,4,0,2,0,2,16,0,0,2,0,56,0,0,0,4,0,0,32,0,4,2,10,32,18,0,0,0,0,0,0,0,6,0,0,0,0,0,0,0,0,0,0,0,0,0,0,0,0,0,0,0,0,0,0,0,0,0,0,0,0,0,0,0,0,0,0,0,0,0,0,0,0,0,0,0,0,0,0,0,0,0,0,0,0,0,0,0,0,0,0,0,0,0,0,0,0,0,0,0,0,0,0,0,0,0,0,0,0,0,0,0,0,0,0,0,0,0,0,0,0,0,0,0,0,0,0,0,0,0,0,0,0,0,0,0,0,0,0,0,0,0,0,0,0,0,0,0,0,0,0,0,0,0,0,0,0,0,0,0,0,0,0,0,0,0,0,0,0,0,0,0,0,0,0,0,0,0,0,0,0,0,0,0,0,0,0,0,0,0,0,0,0,0,0,0,0,0,0,0,0,0,0,0,0
"s15708",0,0,12,0,0,0,0,0,0,0,0,66,0,2,0,2,8,0,0,0,2,0,4,0,0,14,0,0,0,0,12,2,6,0,0,4,0,0,0,0,0,0,0,94,0,0,4,0,0,8,0,0,0,0,0,0,0,0,0,0,0,0,0,0,6,0,0,0,0,2,0,0,0,2,0,0,0,0,0,2,0,4,0,0,0,0,14,0,42,2,0,0,4,0,0,0,0,0,0,2,2,8,0,0,0,6,0,0,0,36,0,0,0,0,0,10,0,0,0,6,0,0,0,0,0,0,0,0,0,0,0,0,0,4,0,0,0,18,2,0,0,2,0,0,4,2,2,0,0,0,14,0,0,0,0,0,0,12,0,2,0,0,0,0,0,0,0,0,16,20,0,0,0,0,0,2,0,0,0,2,0,4,2,0,0,0,0,0,4,4,0,0,0,0,0,0,0,0,0,0,0,0,0,0,0,0,0,0,0,0,0,0,0,0,0,0,0,0,0,0,0,0,0,0,0,0,0,0,0,0,0,0,0,0,0,0,0,0,0,0,0,0,0,0,0,0,0,0,0,0,0,0,0,0,0,0,0,0,0,0,0,0,0,0,0,0,0,0,0,0,0,0,0,0,0,0,0,0,0,0,0,0,0,0,0,0,0,0,0,0,0,0,0,0,0,0,0,0,0,0,0,0,0,0,0,0,0,0,0,0,0,0,0,0,0,0,0,0,0,0,0,0,0,0,0,0,0,0,0,0,0,0,0,0,0,0,0,0,0,0,0,0,0,0,0,0,0,0,0,0,0,0,0,0,0,0,0,0,0,0,0,0,0
"s15733",0,0,38,0,0,0,0,0,0,0,0,2,0,0,8,6,2,0,0,0,0,0,2,0,0,12,0,0,0,0,2,2,4,0,0,10,0,0,0,0,0,0,0,60,2,0,6,0,0,0,0,0,0,8,0,0,0,0,0,0,0,0,0,0,4,0,0,0,0,0,0,0,2,0,0,0,0,2,0,0,0,2,0,0,0,0,18,0,28,0,0,0,0,0,0,0,0,0,0,0,4,0,0,2,0,2,0,0,0,36,0,0,2,0,0,12,0,0,0,12,0,0,0,0,0,0,2,0,0,0,0,0,0,0,0,0,2,10,0,0,2,0,0,0,0,2,0,0,0,0,0,0,0,0,0,0,0,6,0,0,0,0,0,0,0,0,0,0,12414,12,2,0,0,0,0,2,2,0,6,2,0,2,10,0,0,0,0,0,50,0,0,0,0,0,0,0,0,0,0,0,0,0,0,0,0,0,0,0,0,0,0,0,0,0,0,0,0,0,0,0,0,0,0,0,0,0,0,0,0,0,0,0,0,0,0,0,0,0,0,0,0,0,0,0,0,0,0,0,0,0,0,0,0,0,0,0,0,0,0,0,0,0,0,0,0,0,0,0,0,0,0,0,0,0,0,0,0,0,0,0,0,0,0,0,0,0,0,0,0,0,0,0,0,0,0,0,0,0,0,0,0,0,0,0,0,0,0,0,0,0,0,0,0,0,0,0,0,0,0,0,0,0,0,0,0,0,0,0,0,0,0,0,0,0,0,0,0,0,0,0,0,0,0,0,0,0,0,0,0,0,0,0,0,0,0,0,0,0,0,0,0,0,0
"s15627",4,0,270,0,6,0,0,2,2,4,0,902,12,0,12,170,136,484,0,0,14,2,12,0,0,124,0,0,2,0,82,122,40,0,0,134,8,6,0,2,8,4,0,3012,130,0,124,0,0,14,342,0,0,0,0,10,4,16,0,2,0,0,0,4,248,0,0,0,0,0,0,0,42,24,0,2,2,234,2,62,0,170,4,0,0,2,358,0,908,2,0,0,60,2,8,2,0,2,0,22,176,0,0,36,14,38,0,0,4,1270,10,0,2,10,0,2008,6,0,0,0,0,0,0,0,0,0,0,94,0,0,78,0,16,34,0,0,104,132,10,8,50,0,42,6,96,48,130,1212,122,0,8,0,0,0,2,20,0,374,0,14,6,4,2,14,118,2,2,14,4,218,6,0,0,0,0,2,1208,0,16,18,40,208,44,0,0,6,6,0,6,70,16,0,4,0,0,0,0,0,0,0,0,0,0,0,0,0,0,0,0,0,0,0,0,0,0,0,0,0,0,0,0,0,0,0,0,0,0,0,0,0,0,0,0,0,0,0,0,0,0,0,0,0,0,0,0,0,0,0,0,0,0,0,0,0,0,0,0,0,0,0,0,0,0,0,0,0,0,0,0,0,0,0,0,0,0,0,0,0,0,0,0,0,0,0,0,0,0,0,0,0,0,0,0,0,0,0,0,0,0,0,0,0,0,0,0,0,0,0,0,0,0,0,0,0,0,0,0,0,0,0,0,0,0,0,0,0,0,0,0,0,0,0,0,0,0,0,0,0,0,0,0,0,0,0,0,0,0,0,0,0,0,0,0,0,0,0,0,0,0,0,0,0,0
"s15672",2,0,30,0,0,0,0,0,0,0,0,6,0,2,0,0,8,4,0,0,0,0,10,0,0,18,0,0,0,0,8,6,0,0,0,14,0,0,0,0,0,0,0,272,0,0,4,0,0,2,4,0,0,46,0,2,2,0,0,0,0,0,0,2,20,0,0,0,0,12,0,0,2,0,0,0,0,0,0,2,0,4,0,0,0,0,16,0,24,0,0,0,4,0,0,0,0,0,0,0,22,0,0,0,2,2,0,0,2,144,0,0,2,0,0,16,0,0,0,30,0,0,0,0,0,0,0,0,0,0,0,0,0,4,0,0,0,12,0,0,0,0,0,0,16,2,2,8,0,0,0,0,0,0,0,0,0,36,0,0,0,0,12,2,2,0,0,0,39748,26,0,0,0,2,0,2,0,0,0,2,0,38,4,0,0,0,0,0,84,2,4,0,0,0,0,0,0,0,0,0,0,0,0,0,0,0,0,0,0,0,0,0,0,0,0,0,0,0,0,0,0,0,0,0,0,0,0,0,0,0,0,0,0,0,0,0,0,0,0,0,0,0,0,0,0,0,0,0,0,0,0,0,0,0,0,0,0,0,0,0,0,0,0,0,0,0,0,0,0,0,0,0,0,0,0,0,0,0,0,0,0,0,0,0,0,0,0,0,0,0,0,0,0,0,0,0,0,0,0,0,0,0,0,0,0,0,0,0,0,0,0,0,0,0,0,0,0,0,0,0,0,0,0,0,0,0,0,0,0,0,0,0,0,0,0,0,0,0,0,0,0,0,0,0,0,0,0,0,0,0,0,0,0,0,0,0,0,0,0,0,0,0,0
"s16300",2,0,50,0,0,0,0,0,0,0,0,4,0,0,2,10,4,0,0,0,4,0,4,0,0,0,0,0,0,0,0,0,4,0,0,6,0,0,0,0,0,0,0,84,0,2,8,0,0,2,0,0,0,2,0,0,0,0,0,0,0,0,0,0,6,0,0,0,0,0,0,0,0,0,0,0,0,0,2,2,0,0,0,0,0,0,14,0,18,0,0,0,4,0,0,0,0,0,0,0,8,0,0,4,0,0,0,0,0,22,0,0,0,0,0,8,0,0,0,12,0,0,0,0,0,0,0,0,0,0,0,0,0,0,0,0,2,10,0,0,0,0,0,0,2,0,0,0,0,0,0,0,0,0,0,0,0,12,0,0,0,0,0,0,0,0,0,0,6,20,0,0,0,4,0,4,0,0,0,2,0,0,10,0,0,0,0,0,36,2,0,0,0,0,0,0,0,0,0,0,0,0,0,0,0,0,0,0,0,0,0,0,0,0,0,0,0,0,0,0,0,0,0,0,0,0,0,0,0,0,0,0,0,0,0,0,0,0,0,0,0,0,0,0,0,0,0,0,0,0,0,0,0,0,0,0,0,0,0,0,0,0,0,0,0,0,0,0,0,0,0,0,0,0,0,0,0,0,0,0,0,0,0,0,0,0,0,0,0,0,0,0,0,0,0,0,0,0,0,0,0,0,0,0,0,0,0,0,0,0,0,0,0,0,0,0,0,0,0,0,0,0,0,0,0,0,0,0,0,0,0,0,0,0,0,0,0,0,0,0,0,0,0,0,0,0,0,0,0,0,0,0,0,0,0,0,0,0,0,0,0,0,0
"s16266",0,0,8,0,0,0,0,0,0,0,0,16,0,8,0,2,2,0,0,0,2,0,2,0,0,2,0,0,0,0,8,8,0,0,0,8,0,0,0,0,0,0,0,128,0,0,4,0,0,0,2,0,0,0,0,0,0,2,0,0,0,0,0,0,10,0,0,0,0,0,0,0,0,0,0,0,0,2,0,0,0,4,0,0,0,0,12,0,18,0,0,0,2,0,0,0,0,0,0,0,6,0,0,2,0,0,0,0,0,32,0,0,0,0,0,8,0,0,0,6,0,0,0,0,0,0,0,0,0,0,0,0,0,2,0,0,2,10,0,0,0,0,0,0,8,6,2,0,0,0,2,0,0,0,0,2,0,10,0,2,0,0,0,0,2,0,0,0,6,14,0,0,0,0,0,24,0,0,2,0,2,2,4,0,0,0,0,0,24,0,0,0,0,0,0,0,0,0,0,0,0,0,0,0,0,0,0,0,0,0,0,0,0,0,0,0,0,0,0,0,0,0,0,0,0,0,0,0,0,0,0,0,0,0,0,0,0,0,0,0,0,0,0,0,0,0,0,0,0,0,0,0,0,0,0,0,0,0,0,0,0,0,0,0,0,0,0,0,0,0,0,0,0,0,0,0,0,0,0,0,0,0,0,0,0,0,0,0,0,0,0,0,0,0,0,0,0,0,0,0,0,0,0,0,0,0,0,0,0,0,0,0,0,0,0,0,0,0,0,0,0,0,0,0,0,0,0,0,0,0,0,0,0,0,0,0,0,0,0,0,0,0,0,0,0,0,0,0,0,0,0,0,0,0,0,0,0,0,0,0,0,0,0
"s16165",8,4,152,0,2,0,0,2,2,4,10,182,12,2,10,32,158,470,0,0,6,0,56,0,0,48,4,0,4,0,26,82,44,0,0,72,4,10,0,8,4,0,0,4572,134,0,34,0,0,8,290,0,0,0,0,4,8,0,0,0,0,0,0,4,440,0,0,0,0,0,4,0,136,22,0,0,0,26,0,22,0,130,4,0,0,0,222,2,42,6,0,0,32,2,4,0,0,0,2,20,562,8,0,12,10,16,0,0,2,642,2,0,0,66,0,536,16,0,0,0,0,2,0,0,0,0,0,36,0,0,82,0,24,2,2,0,32,30,14,4,14,0,4,10,132,10,338,156,42,0,4,0,0,0,4,44,0,460,2,18,2,2,0,36,106,0,62,0,2,156,2,4,0,6,0,0,804,0,24,24,126,18,32,2,12,2,0,0,28,242,2,0,16,2,0,0,0,0,0,0,0,0,0,0,0,0,0,4,0,0,0,0,0,0,0,0,0,0,0,0,0,0,0,0,0,0,0,0,0,0,0,0,0,2,0,0,0,0,0,0,0,0,0,0,0,0,0,0,0,0,0,0,0,0,0,0,0,0,0,0,0,0,0,0,0,0,0,0,0,0,0,0,0,0,0,0,0,0,0,0,0,0,0,0,0,0,0,0,0,0,0,0,0,0,0,0,0,0,0,0,0,0,0,0,0,0,0,0,0,0,0,0,0,0,0,0,0,0,0,0,0,0,0,0,0,0,0,0,0,0,0,0,0,0,0,0,0,0,0,0,0,0,0,0,0,0,0,0,0,0,0,0,0,0,0,0,0,0,0,0,0,0,0
"s16275",0,0,22,0,0,0,0,0,0,0,0,0,0,14,0,8,0,2,0,0,2,0,2,0,0,6,0,0,0,0,16,12,2,0,0,22,0,0,0,0,2,0,0,220,2,0,8,0,0,4,0,0,0,4,0,0,0,0,0,0,0,0,0,0,4,0,0,0,0,0,0,0,2,6,0,0,0,4,0,0,0,0,0,0,0,0,50,0,36,0,0,0,4,0,0,0,0,0,0,0,2,2,0,0,0,0,0,0,0,42,0,0,2,0,0,26,0,0,0,16,0,0,0,0,0,0,0,0,0,0,0,0,0,8,0,0,0,16,0,0,0,0,0,0,14,2,0,0,0,0,2,0,0,0,0,2,0,36,0,0,0,0,0,0,4,0,0,2,29212,50,0,0,0,4,0,6,0,0,2,0,0,16,8,0,0,0,0,0,38,2,0,0,0,0,0,0,0,0,0,0,0,0,0,0,0,0,0,0,0,0,0,0,0,0,0,0,0,0,0,0,0,0,0,0,0,0,0,0,0,0,0,0,0,0,0,0,0,0,0,0,0,0,0,0,0,0,0,0,0,0,0,0,0,0,0,0,0,0,0,0,0,0,0,0,0,0,0,0,0,0,0,0,0,0,0,0,0,0,0,0,0,0,0,0,0,0,0,0,0,0,0,0,0,0,0,0,0,0,0,0,0,0,0,0,0,0,0,0,0,0,0,0,0,0,0,0,0,0,0,0,0,0,0,0,0,0,0,0,0,0,0,0,0,0,0,0,0,0,0,0,0,0,0,0,0,0,0,0,0,0,0,0,0,0,0,0,0,0,0,0,0,0,0
"s15500",6,0,372,0,0,0,0,0,2,12,0,584,8,0,14,200,132,710,0,0,42,4,34,0,0,176,2,0,14,0,130,158,40,0,0,170,2,18,0,10,8,6,0,3764,184,0,180,0,0,20,364,0,0,0,0,18,16,12,0,4,0,0,0,18,496,0,0,0,0,0,0,0,36,32,0,0,2,192,16,66,0,134,4,0,0,2,384,0,824,4,0,0,104,2,8,0,0,0,0,26,334,0,0,54,28,52,0,2,4,1534,2,0,2,12,0,1486,16,0,0,34,2,0,0,2,0,0,0,154,0,0,130,0,44,58,2,2,152,140,12,10,94,0,68,6,144,44,164,630,150,0,8,0,0,0,10,44,0,432,0,32,6,4,0,40,110,0,0,6,6,262,14,4,0,8,0,6,1078,0,32,50,86,240,88,0,0,4,6,2,10,102,30,0,2,2,0,0,0,0,0,0,0,0,0,0,0,0,0,0,0,0,0,0,0,0,0,0,0,0,0,0,0,0,0,0,0,0,0,0,0,0,0,0,0,0,0,0,0,0,0,0,0,0,0,0,0,0,0,0,0,0,0,0,0,0,0,0,0,0,0,0,0,0,0,0,0,0,0,0,0,0,0,0,0,0,0,0,0,0,0,0,0,0,0,0,0,0,0,0,0,0,0,0,0,0,0,0,0,0,0,0,0,0,0,0,0,0,0,0,0,0,0,0,0,0,0,0,0,0,0,0,0,0,0,0,0,0,0,0,0,0,0,0,0,0,0,0,0,0,0,0,0,0,0,0,0,0,0,0,0,0,0,0,0,0,0,0,0,0,0,0,0,0,0
"s15596",0,0,6,0,0,0,0,0,0,0,0,6,0,0,0,2,12,2,0,0,0,0,0,0,0,0,0,0,0,0,0,0,2,0,0,4,0,0,0,0,4,0,0,82,0,0,0,0,0,2,0,0,0,10,0,0,0,0,0,0,0,0,0,0,10,0,0,0,0,2,0,0,0,2,0,0,0,0,2,0,0,4,0,0,0,0,4,0,10,0,0,0,4,0,0,0,0,0,0,0,2,0,0,0,2,2,0,0,0,26,2,0,0,0,0,8,0,0,0,4,0,0,0,0,0,0,0,2,0,0,0,0,2,2,0,0,0,8,0,0,0,0,0,0,2,0,2,0,0,0,0,0,0,0,0,0,0,10,0,2,0,0,0,0,2,0,0,0,6,14,0,0,0,0,0,0,0,0,0,0,0,4,0,0,0,0,0,0,34,0,0,0,0,0,0,0,0,0,0,0,0,0,0,0,0,0,0,0,0,0,0,0,0,0,0,0,0,0,0,0,0,0,0,0,0,0,0,0,0,0,0,0,0,0,0,0,0,0,0,0,0,0,0,0,0,0,0,0,0,0,0,0,0,0,0,0,0,0,0,0,0,0,0,0,0,0,0,0,0,0,0,0,0,0,0,0,0,0,0,0,0,0,0,0,0,0,0,0,0,0,0,0,0,0,0,0,0,0,0,0,0,0,0,0,0,0,0,0,0,0,0,0,0,0,0,0,0,0,0,0,0,0,0,0,0,0,0,0,0,0,0,0,0,0,0,0,0,0,0,0,0,0,0,0,0,0,0,0,0,0,0,0,0,0,0,0,0,0,0,0,0,0,0
"s15577",0,0,26,0,0,0,0,0,0,0,0,8,0,0,0,6,8,0,0,0,0,0,2,0,0,6,0,0,0,0,4,8,2,0,0,8,0,0,0,0,0,0,0,88,0,0,10,0,0,10,0,0,0,4,0,0,0,0,0,0,0,0,0,0,0,0,0,0,0,0,0,0,0,0,0,2,0,0,2,0,0,0,0,0,0,0,30,0,38,2,0,0,4,0,0,2,0,0,0,2,4,0,0,6,0,0,0,0,0,40,0,0,4,0,0,0,0,0,0,6,0,0,0,0,0,0,0,0,0,0,0,0,0,4,0,0,0,26,2,0,0,0,0,0,2,8,2,0,2,0,0,0,0,0,0,0,0,22,0,0,0,0,2,0,0,0,0,0,34,30,0,0,0,0,0,0,0,0,2,2,0,0,12,0,0,0,0,0,48,2,2,0,0,0,0,0,0,0,0,0,0,0,0,0,0,0,0,0,0,0,0,0,0,0,0,0,0,0,0,0,0,0,0,0,0,0,0,0,0,0,0,0,0,0,0,0,0,0,0,0,0,0,0,0,0,0,0,0,0,0,0,0,0,0,0,0,0,0,0,0,0,0,0,0,0,0,0,0,0,0,0,0,0,0,0,0,0,0,0,0,0,0,0,0,0,0,0,0,0,0,0,0,0,0,0,0,0,0,0,0,0,0,0,0,0,0,0,0,0,0,0,0,0,0,0,0,0,0,0,0,0,0,0,0,0,0,0,0,0,0,0,0,0,0,0,0,0,0,0,0,0,0,0,0,0,0,0,0,0,0,0,0,0,0,0,0,0,0,0,0,0,0,0
"s16131",0,0,18,0,0,0,0,0,0,0,0,10,0,2,0,2,6,0,0,0,0,0,0,0,0,14,0,0,0,0,4,0,0,0,0,10,0,0,0,0,2,2,2,214,2,0,8,0,0,0,0,0,0,6,0,0,0,2,0,0,0,0,0,0,8,0,0,0,0,4,0,0,0,0,0,4,0,4,0,2,0,4,0,0,0,0,26,0,20,0,0,0,14,0,0,0,0,0,0,0,6,0,0,4,2,2,0,0,0,46,0,0,4,0,0,14,0,0,0,32,0,0,0,0,0,0,0,0,0,0,0,0,0,0,0,0,6,30,0,0,0,0,0,0,12,0,4,0,0,0,0,0,0,0,0,0,0,26,0,0,0,0,0,0,2,0,0,0,8,18,0,0,0,8,0,2,2,0,0,2,0,4,14,0,0,0,0,0,132,2,2,0,0,0,0,0,0,0,0,0,0,0,0,0,0,0,4,0,0,0,0,0,0,0,0,0,0,0,0,0,0,0,0,0,0,0,0,0,0,0,0,0,0,0,0,0,0,0,0,0,0,0,0,0,0,0,0,0,0,0,0,0,0,0,0,0,0,0,0,0,0,0,0,0,0,0,0,0,0,0,0,0,0,0,0,0,0,0,0,0,0,0,0,0,0,0,0,0,0,0,0,0,0,0,0,0,0,0,0,0,0,0,0,0,0,0,0,0,0,0,0,0,0,0,0,0,0,0,0,0,0,0,0,0,0,0,0,0,0,0,0,0,0,0,0,0,0,0,0,0,0,0,0,0,0,0,0,0,0,0,0,0,0,0,0,0,0,0,0,0,0,0,0
"s15745",4,10,182,2,0,0,0,2,0,0,18,174,22,0,10,30,148,380,0,0,2,0,74,0,0,44,0,0,10,0,28,100,54,0,0,78,4,14,0,6,2,2,0,4692,156,2,34,0,0,16,220,0,0,0,0,10,8,0,0,0,0,0,0,6,478,0,0,0,0,0,2,0,112,18,0,0,0,48,2,24,0,124,4,0,0,2,254,0,38,2,0,2,34,0,4,2,0,0,0,8,894,10,2,18,12,22,0,4,0,634,4,0,6,78,0,680,8,0,2,0,0,0,0,0,0,0,0,40,0,0,64,0,20,14,2,2,34,32,24,2,10,0,10,16,150,14,304,196,52,0,18,0,0,0,0,60,0,622,2,4,0,2,0,40,112,0,60,4,103770,138,6,0,0,10,0,10,696,0,16,8,82,28,34,0,6,10,20,6,26,418,8,0,18,0,0,0,0,0,0,0,0,0,0,0,0,0,0,0,0,0,0,0,0,0,0,0,0,0,0,0,0,0,0,0,0,0,0,0,0,0,0,0,0,0,0,0,0,0,0,0,2,0,0,0,0,0,0,0,0,0,0,0,0,0,0,0,0,0,0,0,0,0,0,0,0,0,0,0,0,0,0,0,0,0,0,0,0,0,0,0,0,0,0,0,0,0,0,0,0,0,0,0,0,0,0,0,0,0,0,0,0,0,0,0,0,0,0,0,0,0,0,0,0,0,0,0,0,0,0,0,0,0,0,0,0,0,0,0,0,0,0,0,0,0,0,0,0,0,0,0,0,0,0,0,0,0,0,0,0,0,0,0,0,0,0,0,0,0,0,0,0,0,0
"s15760",0,0,20,0,0,0,0,0,0,0,0,16,0,2,2,26,18,16,0,0,0,0,0,0,0,14,0,0,0,0,20,10,12,0,0,12,0,0,0,0,2,0,0,160,18,0,22,0,0,8,46,0,0,0,0,0,0,0,0,0,0,0,0,0,34,0,0,0,0,0,0,0,6,4,0,0,0,0,2,10,0,4,0,0,0,2,60,0,152,0,0,0,18,0,0,0,0,0,0,4,28,0,0,10,6,10,0,0,4,132,0,0,0,4,0,72,0,0,0,0,0,0,0,0,0,0,2,2,0,0,4,0,10,8,2,0,6,22,0,2,8,0,2,0,2,4,22,22,4,0,0,0,0,0,0,10,0,16,0,2,0,0,0,2,14,0,0,0,24300,44,0,0,0,0,0,0,30,0,4,2,4,48,18,0,0,0,2,0,0,4,4,0,0,0,0,0,0,0,0,0,0,0,0,0,0,0,0,0,0,0,0,0,0,0,0,0,0,0,0,0,0,0,0,0,0,0,0,0,0,0,0,0,0,0,0,0,0,0,0,0,0,0,0,0,0,0,0,0,0,0,0,0,0,0,0,0,0,0,0,0,0,0,0,0,0,0,0,0,0,0,0,0,0,0,0,0,0,0,0,0,0,0,0,0,0,0,0,0,0,0,0,0,0,0,0,0,0,0,0,0,0,0,0,0,0,0,0,0,0,0,0,0,0,0,0,0,0,0,0,0,0,0,0,0,0,0,0,0,0,0,0,0,0,0,0,0,0,0,0,0,0,0,0,0,0,0,0,0,0,0,0,0,0,0,0,0,0,0,0,0,0,0,0
"s16013",0,0,12,0,0,0,0,0,0,0,0,16,0,0,2,8,4,0,0,0,2,0,2,0,0,4,0,0,2,0,0,8,2,0,0,8,0,0,0,0,0,0,0,196,2,0,2,0,0,0,0,0,0,2,0,0,0,2,0,0,0,0,0,2,10,0,0,0,0,2,0,0,0,2,0,0,0,2,0,0,0,2,0,0,0,0,24,0,32,2,0,0,4,0,0,0,0,0,0,0,6,0,0,2,0,2,0,0,0,28,0,0,0,0,0,12,0,0,0,8,0,0,0,0,0,0,0,0,0,0,0,0,2,2,0,0,0,16,0,2,0,0,0,0,8,0,6,2,0,0,0,0,0,0,2,2,0,32,0,2,0,0,0,0,2,0,0,0,6,22,0,0,0,0,0,6,0,0,0,2,0,8,12,0,0,0,0,12,76,0,0,0,0,0,0,0,0,0,0,0,0,0,0,0,0,0,2,0,0,0,0,0,0,0,0,0,0,0,0,0,0,0,0,0,0,0,0,0,0,0,0,0,0,0,0,0,0,0,0,0,0,0,0,0,0,0,0,0,0,0,0,0,0,0,0,0,0,0,0,0,0,0,0,0,0,0,0,0,0,0,0,0,0,0,0,0,0,0,0,0,0,0,0,0,0,0,0,0,0,0,0,0,0,0,0,0,0,0,0,0,0,0,0,0,0,0,0,0,0,0,0,0,0,0,0,0,0,0,0,0,0,0,0,0,0,0,0,0,0,0,0,0,0,0,0,0,0,0,0,0,0,0,0,0,0,0,0,0,0,0,0,0,0,0,0,0,0,0,0,0,0,0,0
"s15889",4,0,170,0,0,0,0,0,2,2,0,52,6,2,4,32,106,28,0,0,6,0,10,0,0,64,0,0,0,0,48,26,12,0,0,46,0,2,0,0,4,0,0,438,8,0,48,0,0,14,38,0,0,0,0,4,4,6,0,0,0,0,0,8,58,0,0,0,0,0,0,0,18,6,0,0,0,2,0,18,0,34,0,0,0,0,108,2,316,2,0,0,30,0,4,0,0,0,0,18,48,0,0,10,14,6,0,0,2,280,0,0,0,14,0,222,0,0,0,0,0,0,0,0,0,0,0,0,0,0,6,0,12,14,0,2,20,60,0,4,14,0,2,2,20,10,30,142,10,0,2,0,0,0,4,4,0,48,0,20,0,0,0,4,10,0,0,2,0,92,2,0,0,6,0,0,94,0,14,6,10,48,38,0,0,0,4,0,2,0,2,0,0,0,0,0,0,0,0,0,0,0,0,0,0,0,0,0,0,0,0,0,0,0,0,0,0,0,0,0,0,0,0,0,0,0,0,0,0,0,0,0,0,0,0,0,0,0,0,0,0,0,0,0,0,0,0,0,0,0,0,0,0,0,0,0,0,0,0,0,0,0,0,0,0,0,0,0,0,0,0,0,0,0,0,0,0,0,0,0,0,0,0,0,0,0,0,0,0,0,0,0,0,0,0,0,0,0,0,0,0,0,0,0,0,0,0,0,0,0,0,0,0,0,0,0,0,0,0,0,0,0,0,0,0,0,0,0,0,0,0,0,0,0,0,0,0,0,0,0,0,0,0,0,0,0,0,0,0,0,0,0,0,0,0,0,0,0,0,0,0,0,0
"s15974",0,0,6,0,0,0,0,0,0,0,0,4,0,0,0,4,0,0,0,0,0,0,0,0,0,4,0,0,0,0,0,0,0,0,0,2,0,0,0,0,0,0,0,186,2,0,0,0,0,2,0,0,0,2,0,0,0,0,0,0,0,0,0,0,18,0,0,0,0,0,0,0,2,0,0,2,0,2,0,2,0,4,0,0,0,0,8,0,8,0,0,0,6,0,0,0,0,0,0,0,10,2,0,0,4,2,0,0,0,28,2,0,0,0,0,2,0,0,0,8,0,0,0,0,0,0,0,0,0,0,0,0,0,2,0,0,2,4,0,0,0,0,2,0,4,2,2,0,0,0,0,0,0,0,0,0,0,14,0,0,0,2,4,0,0,0,0,0,14,8,0,0,0,0,0,0,0,0,0,0,0,2,4,0,0,0,0,0,30,0,2,0,0,0,0,0,0,0,0,0,0,0,0,0,0,0,0,0,0,0,0,0,0,0,0,0,0,0,0,0,0,0,0,0,0,0,0,0,0,0,0,0,0,0,0,0,0,0,0,0,0,0,0,0,0,0,0,0,0,0,0,0,0,0,0,0,0,0,0,0,0,0,0,0,0,0,0,0,0,0,0,0,0,0,0,0,0,0,0,0,0,0,0,0,0,0,0,0,0,0,0,0,0,0,0,0,0,0,0,0,0,0,0,0,0,0,0,0,0,0,0,0,0,0,0,0,0,0,0,0,0,0,0,0,0,0,0,0,0,0,0,0,0,0,0,0,0,0,0,0,0,0,0,0,0,0,0,0,0,0,0,0,0,0,0,0,0,0,0,0,0,0,0
